"","State","Year","Month.Code","Deaths","Month","Administered_Dose1_18_to_65","Series_Complete_18_to_65","Population","date","fips","cases","deaths"
"1","Alabama",2022,"2022/01",521,"01",1980923,1587252,5074296,"2022-01-31",1,1218257,17086
"2","Alabama",2022,"2022/02",414,"02",2003407,1609315,5074296,"2022-02-28",1,1279565,18225
"3","Alabama",2022,"2022/03",404,"03",2016395,1623155,5074296,"2022-03-31",1,1295327,19290
"4","Alabama",2022,"2022/04",384,"04",2029085,1634819,5074296,"2022-04-30",1,1300733,19567
"5","Alabama",2022,"2022/05",376,"05",2037717,1642546,5074296,"2022-05-31",1,1314963,19664
"6","Alabama",2022,"2022/06",426,"06",2045973,1646155,5074296,"2022-06-30",1,1357266,19755
"7","Alabama",2022,"2022/07",407,"07",2053808,1653401,5074296,"2022-07-31",1,1424411,19891
"8","Alabama",2022,"2022/08",387,"08",2061266,1661668,5074296,"2022-08-31",1,1491815,20113
"9","Alabama",2022,"2022/09",406,"09",2066272,1666036,5074296,"2022-09-30",1,1522879,20423
"10","Alabama",2022,"2022/10",425,"10",2072164,1672350,5074296,"2022-10-31",1,1534287,20558
"11","Alabama",2022,"2022/11",395,"11",2081997,1681366,5074296,"2022-11-30",1,1549285,21129
"12","Alabama",2022,"2022/12",479,"12",2086201,1684790,5074296,"2022-12-31",1,1573637,21208
"13","Alabama",2023,"2023/01",413,"01",2089120,1687033,NA,"2023-01-31",1,1610535,21343
"14","Alabama",2023,"2023/02",363,"02",2091043,1688525,NA,"2023-02-28",1,1638348,21452
"15","Alabama",2023,"2023/03",339,"03",2092119,1689360,NA,"2023-03-23",1,1648385,21631
"16","Alaska",2022,"2022/01",39,"01",356052,306989,733583,"2022-01-31",2,215643,1057
"17","Alaska",2022,"2022/02",34,"02",359187,320161,733583,"2022-02-28",2,237977,1128
"18","Alaska",2022,"2022/03",32,"03",362627,323086,733583,"2022-03-31",2,245619,1192
"19","Alaska",2022,"2022/04",28,"04",364712,325606,733583,"2022-04-30",2,251388,1212
"20","Alaska",2022,"2022/05",33,"05",365590,326939,733583,"2022-05-31",2,258431,1246
"21","Alaska",2022,"2022/06",28,"06",368151,325885,733583,"2022-06-30",2,270747,1246
"22","Alaska",2022,"2022/07",44,"07",369149,326917,733583,"2022-07-31",2,281969,1270
"23","Alaska",2022,"2022/08",39,"08",370274,328256,733583,"2022-08-31",2,292817,1297
"24","Alaska",2022,"2022/09",39,"09",371260,329003,733583,"2022-09-30",2,296491,1321
"25","Alaska",2022,"2022/10",44,"10",372223,333817,733583,"2022-10-31",2,298479,1369
"26","Alaska",2022,"2022/11",35,"11",373819,334825,733583,"2022-11-30",2,300238,1390
"27","Alaska",2022,"2022/12",38,"12",374626,335383,733583,"2022-12-31",2,301774,1408
"28","Alaska",2023,"2023/01",37,"01",375189,335732,NA,"2023-01-31",2,304681,1426
"29","Alaska",2023,"2023/02",30,"02",375638,336036,NA,"2023-02-28",2,307377,1438
"30","Alaska",2023,"2023/03",33,"03",375856,336220,NA,"2023-03-23",2,308893,1438
"31","Arizona",2022,"2022/01",345,"01",3276803,2772914,7359197,"2022-01-31",4,1870644,26205
"32","Arizona",2022,"2022/02",270,"02",3332341,2818627,7359197,"2022-02-28",4,1976890,27946
"33","Arizona",2022,"2022/03",268,"03",3365080,2845697,7359197,"2022-03-31",4,2007180,29268
"34","Arizona",2022,"2022/04",280,"04",3393134,2867336,7359197,"2022-04-30",4,2021524,29951
"35","Arizona",2022,"2022/05",287,"05",3417591,2882962,7359197,"2022-05-31",4,2049627,30299
"36","Arizona",2022,"2022/06",309,"06",3441462,2895421,7359197,"2022-06-30",4,2125567,30515
"37","Arizona",2022,"2022/07",323,"07",3460300,2907222,7359197,"2022-07-31",4,2196429,30768
"38","Arizona",2022,"2022/08",298,"08",3478285,2919684,7359197,"2022-08-31",4,2254374,31114
"39","Arizona",2022,"2022/09",289,"09",3495658,2930295,7359197,"2022-09-30",4,2271560,31370
"40","Arizona",2022,"2022/10",275,"10",3519743,2945984,7359197,"2022-10-31",4,2287886,31548
"41","Arizona",2022,"2022/11",260,"11",3534678,3025448,7359197,"2022-11-30",4,2337547,31751
"42","Arizona",2022,"2022/12",329,"12",3553409,3033235,7359197,"2022-12-31",4,2378334,32182
"43","Arizona",2023,"2023/01",321,"01",3567075,3038816,NA,"2023-01-31",4,2398200,32775
"44","Arizona",2023,"2023/02",278,"02",3586890,3044519,NA,"2023-02-28",4,2434631,33043
"45","Arizona",2023,"2023/03",276,"03",3592787,3046537,NA,"2023-03-23",4,2451062,33190
"46","Arkansas",2022,"2022/01",257,"01",1280326,1035931,3045637,"2022-01-31",5,776759,9634
"47","Arkansas",2022,"2022/02",209,"02",1294204,1049079,3045637,"2022-02-28",5,819984,10524
"48","Arkansas",2022,"2022/03",225,"03",1302878,1057738,3045637,"2022-03-31",5,832922,11230
"49","Arkansas",2022,"2022/04",186,"04",1311288,1064776,3045637,"2022-04-30",5,835857,11389
"50","Arkansas",2022,"2022/05",237,"05",1317379,1069897,3045637,"2022-05-31",5,843362,11484
"51","Arkansas",2022,"2022/06",219,"06",1325311,1075374,3045637,"2022-06-30",5,865592,11581
"52","Arkansas",2022,"2022/07",228,"07",1329747,1078997,3045637,"2022-07-31",5,903931,11719
"53","Arkansas",2022,"2022/08",213,"08",1336301,1084723,3045637,"2022-08-31",5,932639,11918
"54","Arkansas",2022,"2022/09",224,"09",1340733,1087953,3045637,"2022-09-30",5,951644,12165
"55","Arkansas",2022,"2022/10",223,"10",1347527,1093475,3045637,"2022-10-31",5,959855,12489
"56","Arkansas",2022,"2022/11",226,"11",1354722,1098613,3045637,"2022-11-30",5,968871,12573
"57","Arkansas",2022,"2022/12",257,"12",1358706,1101244,3045637,"2022-12-31",5,985493,12703
"58","Arkansas",2023,"2023/01",259,"01",1361884,1103281,NA,"2023-01-31",5,996758,12858
"59","Arkansas",2023,"2023/02",190,"02",1363483,1104328,NA,"2023-02-28",5,1004752,12984
"60","Arkansas",2023,"2023/03",210,"03",1364608,1105114,NA,"2023-03-23",5,1008303,13068
"61","California",2022,"2022/01",1711,"01",22141583,19118252,39029342,"2022-01-31",6,8411819,80267
"62","California",2022,"2022/02",1417,"02",22500848,19376510,39029342,"2022-02-28",6,8975648,85564
"63","California",2022,"2022/03",1418,"03",22650802,19509878,39029342,"2022-03-31",6,9103954,89018
"64","California",2022,"2022/04",1339,"04",22934161,19717424,39029342,"2022-04-30",6,9235936,90419
"65","California",2022,"2022/05",1370,"05",22622139,19853217,39029342,"2022-05-31",6,9572842,91489
"66","California",2022,"2022/06",1347,"06",22694825,19881439,39029342,"2022-06-30",6,10101062,92418
"67","California",2022,"2022/07",1470,"07",22773834,19936304,39029342,"2022-07-31",6,10700053,93613
"68","California",2022,"2022/08",1318,"08",22848019,19988409,39029342,"2022-08-31",6,11091425,95001
"69","California",2022,"2022/09",1386,"09",22923806,20040704,39029342,"2022-09-30",6,11263827,96020
"70","California",2022,"2022/10",1302,"10",23124154,20132848,39029342,"2022-10-31",6,11364908,96960
"71","California",2022,"2022/11",1419,"11",22775207,20089704,39029342,"2022-11-30",6,11502638,99856
"72","California",2022,"2022/12",1507,"12",22852115,20133538,39029342,"2022-12-31",6,11826466,100865
"73","California",2023,"2023/01",1415,"01",22922710,20175690,NA,"2023-01-31",6,11983239,102337
"74","California",2023,"2023/02",1184,"02",22960584,20194233,NA,"2023-02-28",6,12088153,103554
"75","California",2023,"2023/03",1153,"03",22990842,20220570,NA,"2023-03-23",6,12169158,104277
"76","Colorado",2022,"2022/01",233,"01",3120547,2747950,5839926,"2022-01-31",8,1258871,11339
"77","Colorado",2022,"2022/02",159,"02",3154854,2779008,5839926,"2022-02-28",8,1319806,12007
"78","Colorado",2022,"2022/03",186,"03",3172275,2795654,5839926,"2022-03-31",8,1351404,12174
"79","Colorado",2022,"2022/04",173,"04",3187777,2809519,5839926,"2022-04-30",8,1389860,12366
"80","Colorado",2022,"2022/05",204,"05",3199468,2819843,5839926,"2022-05-31",8,1455066,12749
"81","Colorado",2022,"2022/06",186,"06",3213816,2827253,5839926,"2022-06-30",8,1541065,12968
"82","Colorado",2022,"2022/07",189,"07",3223369,2836132,5839926,"2022-07-31",8,1603625,13194
"83","Colorado",2022,"2022/08",153,"08",3234063,2846854,5839926,"2022-08-31",8,1638142,13370
"84","Colorado",2022,"2022/09",152,"09",3246160,2856481,5839926,"2022-09-30",8,1661882,13516
"85","Colorado",2022,"2022/10",158,"10",3265178,2873450,5839926,"2022-10-31",8,1681928,13626
"86","Colorado",2022,"2022/11",195,"11",3287620,2889869,5839926,"2022-11-30",8,1708152,13628
"87","Colorado",2022,"2022/12",205,"12",3296216,2895922,5839926,"2022-12-31",8,1734673,13899
"88","Colorado",2023,"2023/01",167,"01",3302351,2899948,NA,"2023-01-31",8,1748855,14049
"89","Colorado",2023,"2023/02",151,"02",3307636,2903979,NA,"2023-02-28",8,1761881,14117
"90","Colorado",2023,"2023/03",139,"03",3310495,2906289,NA,"2023-03-23",8,1771010,14245
"91","Connecticut",2022,"2022/01",157,"01",2215092,1840877,3626205,"2022-01-31",9,699400,10010
"92","Connecticut",2022,"2022/02",132,"02",2243769,1861225,3626205,"2022-02-28",9,723389,10470
"93","Connecticut",2022,"2022/03",106,"03",2259664,1871991,3626205,"2022-03-31",9,736775,10776
"94","Connecticut",2022,"2022/04",94,"04",2273666,1882408,3626205,"2022-04-30",9,758281,10850
"95","Connecticut",2022,"2022/05",128,"05",2285819,1891583,3626205,"2022-05-31",9,809194,10941
"96","Connecticut",2022,"2022/06",96,"06",2294105,1895572,3626205,"2022-06-30",9,828968,11045
"97","Connecticut",2022,"2022/07",135,"07",2301844,1900753,3626205,"2022-07-31",9,854582,11102
"98","Connecticut",2022,"2022/08",105,"08",2309538,1905849,3626205,"2022-08-31",9,875076,11269
"99","Connecticut",2022,"2022/09",112,"09",2321649,1912519,3626205,"2022-09-30",9,896893,11365
"100","Connecticut",2022,"2022/10",120,"10",2345046,1924355,3626205,"2022-10-31",9,913153,11463
"101","Connecticut",2022,"2022/11",116,"11",2370050,1934908,3626205,"2022-11-30",9,926947,11587
"102","Connecticut",2022,"2022/12",148,"12",2382412,1940440,3626205,"2022-12-31",9,948001,11781
"103","Connecticut",2023,"2023/01",108,"01",2390771,1943690,NA,"2023-01-31",9,966860,11964
"104","Connecticut",2023,"2023/02",116,"02",2395088,1945435,NA,"2023-02-28",9,975241,12145
"105","Connecticut",2023,"2023/03",110,"03",2397277,1946361,NA,"2023-03-23",9,978456,12270
"106","Delaware",2022,"2022/01",53,"01",503000,411750,1018396,"2022-01-31",10,248111,2531
"107","Delaware",2022,"2022/02",39,"02",511426,418844,1018396,"2022-02-28",10,256621,2709
"108","Delaware",2022,"2022/03",49,"03",515204,422791,1018396,"2022-03-31",10,259647,2846
"109","Delaware",2022,"2022/04",49,"04",518670,426058,1018396,"2022-04-30",10,262461,2907
"110","Delaware",2022,"2022/05",44,"05",521452,428583,1018396,"2022-05-31",10,276639,2956
"111","Delaware",2022,"2022/06",51,"06",524092,430649,1018396,"2022-06-30",10,285046,2984
"112","Delaware",2022,"2022/07",43,"07",526140,432249,1018396,"2022-07-31",10,294041,3024
"113","Delaware",2022,"2022/08",42,"08",528330,434426,1018396,"2022-08-31",10,302738,3042
"114","Delaware",2022,"2022/09",38,"09",530759,436469,1018396,"2022-09-30",10,308713,3111
"115","Delaware",2022,"2022/10",58,"10",533350,438660,1018396,"2022-10-31",10,313383,3147
"116","Delaware",2022,"2022/11",46,"11",535048,439756,1018396,"2022-11-30",10,316956,3172
"117","Delaware",2022,"2022/12",46,"12",540485,444397,1018396,"2022-12-31",10,321888,3206
"118","Delaware",2023,"2023/01",51,"01",542753,446136,NA,"2023-01-31",10,325872,3254
"119","Delaware",2023,"2023/02",49,"02",543612,446618,NA,"2023-02-28",10,330332,3309
"120","Delaware",2023,"2023/03",43,"03",544107,446964,NA,"2023-03-23",10,332861,3352
"121","District of Columbia",2022,"2022/01",52,"01",506404,379819,671803,"2022-01-31",11,130888,1289
"122","District of Columbia",2022,"2022/02",29,"02",515882,386235,671803,"2022-02-28",11,134564,1318
"123","District of Columbia",2022,"2022/03",36,"03",522953,391222,671803,"2022-03-31",11,136598,1331
"124","District of Columbia",2022,"2022/04",33,"04",529176,396515,671803,"2022-04-30",11,141943,1340
"125","District of Columbia",2022,"2022/05",39,"05",550794,420036,671803,"2022-05-31",11,149638,1342
"126","District of Columbia",2022,"2022/06",26,"06",540644,403536,671803,"2022-06-30",11,156802,1349
"127","District of Columbia",2022,"2022/07",34,"07",547177,408746,671803,"2022-07-31",11,162519,1364
"128","District of Columbia",2022,"2022/08",28,"08",551804,412465,671803,"2022-08-31",11,166166,1381
"129","District of Columbia",2022,"2022/09",34,"09",560860,420171,671803,"2022-09-30",11,168514,1392
"130","District of Columbia",2022,"2022/10",30,"10",572868,430167,671803,"2022-10-31",11,169709,1397
"131","District of Columbia",2022,"2022/11",28,"11",585058,439419,671803,"2022-11-30",11,171317,1403
"132","District of Columbia",2022,"2022/12",33,"12",590098,443082,671803,"2022-12-31",11,173626,1411
"133","District of Columbia",2023,"2023/01",32,"01",613566,469012,NA,"2023-01-31",11,176012,1422
"134","District of Columbia",2023,"2023/02",24,"02",615572,470392,NA,"2023-02-28",11,177504,1427
"135","District of Columbia",2023,"2023/03",23,"03",616505,471124,NA,"2023-03-23",11,178226,1432
"136","Florida",2022,"2022/01",1166,"01",10565332,8932763,22244823,"2022-01-31",12,5535803,65265
"137","Florida",2022,"2022/02",999,"02",10693125,9037443,22244823,"2022-02-28",12,5806510,70084
"138","Florida",2022,"2022/03",1038,"03",10782378,9105548,22244823,"2022-03-31",12,5849949,73244
"139","Florida",2022,"2022/04",931,"04",10861205,9161134,22244823,"2022-04-30",12,5925668,73948
"140","Florida",2022,"2022/05",987,"05",10921670,9205558,22244823,"2022-05-31",12,6159702,74550
"141","Florida",2022,"2022/06",1034,"06",10973614,9234873,22244823,"2022-06-30",12,6482295,75800
"142","Florida",2022,"2022/07",1009,"07",11014004,9267262,22244823,"2022-07-31",12,6789498,77565
"143","Florida",2022,"2022/08",988,"08",11055541,9299984,22244823,"2022-08-31",12,7025348,79853
"144","Florida",2022,"2022/09",917,"09",11091977,9326576,22244823,"2022-09-30",12,7118498,81416
"145","Florida",2022,"2022/10",986,"10",11130928,9359207,22244823,"2022-10-31",12,7149300,82176
"146","Florida",2022,"2022/11",949,"11",11178623,9393535,22244823,"2022-11-30",12,7195943,82875
"147","Florida",2022,"2022/12",1041,"12",11204475,9409847,22244823,"2022-12-31",12,7269428,83911
"148","Florida",2023,"2023/01",1070,"01",11244370,9433090,NA,"2023-01-31",12,7400419,84927
"149","Florida",2023,"2023/02",903,"02",11270015,9448962,NA,"2023-02-28",12,7473371,86294
"150","Florida",2023,"2023/03",850,"03",11287430,9461122,NA,"2023-03-23",12,7542869,87141
"151","Georgia",2022,"2022/01",772,"01",4704393,3910940,10912876,"2022-01-31",13,2302164,31697
"152","Georgia",2022,"2022/02",623,"02",4747256,3948029,10912876,"2022-02-28",13,2395050,34053
"153","Georgia",2022,"2022/03",651,"03",4785896,3986699,10912876,"2022-03-31",13,2429552,35571
"154","Georgia",2022,"2022/04",634,"04",4815143,4014036,10912876,"2022-04-30",13,2445476,36349
"155","Georgia",2022,"2022/05",604,"05",4838074,4035393,10912876,"2022-05-31",13,2485297,36714
"156","Georgia",2022,"2022/06",574,"06",4869143,4061395,10912876,"2022-06-30",13,2573368,37075
"157","Georgia",2022,"2022/07",621,"07",4882637,4071664,10912876,"2022-07-31",13,2672553,37520
"158","Georgia",2022,"2022/08",585,"08",4907452,4096207,10912876,"2022-08-31",13,2788282,38218
"159","Georgia",2022,"2022/09",684,"09",4922762,4109241,10912876,"2022-09-30",13,2821158,38717
"160","Georgia",2022,"2022/10",664,"10",4931047,4120798,10912876,"2022-10-31",13,2835571,39057
"161","Georgia",2022,"2022/11",612,"11",4948739,4133878,10912876,"2022-11-30",13,2857433,39637
"162","Georgia",2022,"2022/12",711,"12",4980777,4154650,10912876,"2022-12-31",13,2898584,39964
"163","Georgia",2023,"2023/01",659,"01",4991698,4162276,NA,"2023-01-31",13,2940401,40435
"164","Georgia",2023,"2023/02",511,"02",4999141,4167880,NA,"2023-02-28",13,2972781,40832
"165","Georgia",2023,"2023/03",560,"03",5003737,4171332,NA,"2023-03-23",13,2984923,41055
"166","Hawaii",2022,"2022/01",82,"01",800041,716369,1440196,"2022-01-31",15,214249,1178
"167","Hawaii",2022,"2022/02",62,"02",809990,723171,1440196,"2022-02-28",15,230458,1331
"168","Hawaii",2022,"2022/03",49,"03",816049,726434,1440196,"2022-03-31",15,234659,1376
"169","Hawaii",2022,"2022/04",47,"04",818920,728917,1440196,"2022-04-30",15,241955,1415
"170","Hawaii",2022,"2022/05",61,"05",821933,731247,1440196,"2022-05-31",15,267602,1448
"171","Hawaii",2022,"2022/06",63,"06",827551,732857,1440196,"2022-06-30",15,301246,1501
"172","Hawaii",2022,"2022/07",59,"07",829794,735671,1440196,"2022-07-31",15,317785,1568
"173","Hawaii",2022,"2022/08",53,"08",831422,737804,1440196,"2022-08-31",15,331095,1641
"174","Hawaii",2022,"2022/09",76,"09",833781,739888,1440196,"2022-09-30",15,347333,1683
"175","Hawaii",2022,"2022/10",67,"10",837799,744253,1440196,"2022-10-31",15,353081,1701
"176","Hawaii",2022,"2022/11",67,"11",841651,747314,1440196,"2022-11-30",15,358458,1734
"177","Hawaii",2022,"2022/12",75,"12",844460,749235,1440196,"2022-12-31",15,363188,1758
"178","Hawaii",2023,"2023/01",60,"01",846126,750397,NA,"2023-01-31",15,367875,1783
"179","Hawaii",2023,"2023/02",50,"02",847109,751129,NA,"2023-02-28",15,369983,1819
"180","Hawaii",2023,"2023/03",65,"03",847608,751591,NA,"2023-03-23",15,372408,1851
"181","Idaho",2022,"2022/01",72,"01",693109,602844,1939033,"2022-01-31",16,380402,4423
"182","Idaho",2022,"2022/02",62,"02",701556,611880,1939033,"2022-02-28",16,426256,4753
"183","Idaho",2022,"2022/03",46,"03",706530,617145,1939033,"2022-03-31",16,444090,4876
"184","Idaho",2022,"2022/04",53,"04",710267,621077,1939033,"2022-04-30",16,446138,4930
"185","Idaho",2022,"2022/05",67,"05",714174,624889,1939033,"2022-05-31",16,451100,4943
"186","Idaho",2022,"2022/06",67,"06",717474,626695,1939033,"2022-06-30",16,463136,4975
"187","Idaho",2022,"2022/07",61,"07",720490,628987,1939033,"2022-07-31",16,478770,5038
"188","Idaho",2022,"2022/08",52,"08",723288,632072,1939033,"2022-08-31",16,489511,5118
"189","Idaho",2022,"2022/09",61,"09",725811,634113,1939033,"2022-09-30",16,495979,5179
"190","Idaho",2022,"2022/10",68,"10",729357,638241,1939033,"2022-10-31",16,499991,5220
"191","Idaho",2022,"2022/11",59,"11",733606,641318,1939033,"2022-11-30",16,506320,5281
"192","Idaho",2022,"2022/12",58,"12",735719,642807,1939033,"2022-12-31",16,511722,5329
"193","Idaho",2023,"2023/01",55,"01",737201,643833,NA,"2023-01-31",16,515114,5371
"194","Idaho",2023,"2023/02",45,"02",738309,644654,NA,"2023-02-28",16,518603,5408
"195","Idaho",2023,"2023/03",51,"03",739034,645172,NA,"2023-03-23",16,522919,5456
"196","Illinois",2022,"2022/01",763,"01",6479335,5691491,12582032,"2022-01-31",17,2925690,34704
"197","Illinois",2022,"2022/02",617,"02",6508025,5756467,12582032,"2022-02-28",17,3036705,36910
"198","Illinois",2022,"2022/03",593,"03",6546043,5808612,12582032,"2022-03-31",17,3073830,37667
"199","Illinois",2022,"2022/04",569,"04",6559454,5842055,12582032,"2022-04-30",17,3144347,37898
"200","Illinois",2022,"2022/05",618,"05",6538976,5873358,12582032,"2022-05-31",17,3308233,38135
"201","Illinois",2022,"2022/06",543,"06",6508410,5855475,12582032,"2022-06-30",17,3436799,38588
"202","Illinois",2022,"2022/07",599,"07",6527831,5872534,12582032,"2022-07-31",17,3569918,38882
"203","Illinois",2022,"2022/08",574,"08",6540403,5886643,12582032,"2022-08-31",17,3694055,39328
"204","Illinois",2022,"2022/09",552,"09",6581728,5915519,12582032,"2022-09-30",17,3768893,39698
"205","Illinois",2022,"2022/10",580,"10",6613974,5941597,12582032,"2022-10-31",17,3821443,39997
"206","Illinois",2022,"2022/11",609,"11",6661964,5977183,12582032,"2022-11-30",17,3884333,40303
"207","Illinois",2022,"2022/12",690,"12",6664995,5981086,12582032,"2022-12-31",17,3976840,40678
"208","Illinois",2023,"2023/01",626,"01",6669156,5986459,NA,"2023-01-31",17,4026970,41088
"209","Illinois",2023,"2023/02",542,"02",6688938,6007419,NA,"2023-02-28",17,4069426,41379
"210","Illinois",2023,"2023/03",494,"03",6680178,6005049,NA,"2023-03-23",17,4107931,41618
"211","Indiana",2022,"2022/01",414,"01",2661561,2363570,6833037,"2022-01-31",18,1627324,21356
"212","Indiana",2022,"2022/02",358,"02",2691343,2393410,6833037,"2022-02-28",18,1685676,22843
"213","Indiana",2022,"2022/03",356,"03",2708580,2411583,6833037,"2022-03-31",18,1690823,23373
"214","Indiana",2022,"2022/04",340,"04",2721663,2422943,6833037,"2022-04-30",18,1702292,23587
"215","Indiana",2022,"2022/05",352,"05",2734572,2440513,6833037,"2022-05-31",18,1730761,23700
"216","Indiana",2022,"2022/06",353,"06",2769571,2488041,6833037,"2022-06-30",18,1772183,23877
"217","Indiana",2022,"2022/07",349,"07",2776087,2493431,6833037,"2022-07-31",18,1828734,24086
"218","Indiana",2022,"2022/08",350,"08",2782938,2501164,6833037,"2022-08-31",18,1895799,24418
"219","Indiana",2022,"2022/09",343,"09",2789469,2505892,6833037,"2022-09-30",18,1921993,24708
"220","Indiana",2022,"2022/10",336,"10",2797362,2512465,6833037,"2022-10-31",18,1937565,24901
"221","Indiana",2022,"2022/11",399,"11",2809745,2521167,6833037,"2022-11-30",18,1965757,25138
"222","Indiana",2022,"2022/12",425,"12",2815977,2524969,6833037,"2022-12-31",18,2002760,25364
"223","Indiana",2023,"2023/01",366,"01",2820265,2527691,NA,"2023-01-31",18,2024969,25861
"224","Indiana",2023,"2023/02",314,"02",2825225,2530593,NA,"2023-02-28",18,2043069,26045
"225","Indiana",2023,"2023/03",319,"03",2827539,2532083,NA,"2023-03-23",18,2054533,26179
"226","Iowa",2022,"2022/01",189,"01",1355061,1223089,3200517,"2022-01-31",19,712288,8501
"227","Iowa",2022,"2022/02",140,"02",1367155,1234559,3200517,"2022-02-28",19,748849,9085
"228","Iowa",2022,"2022/03",124,"03",1374526,1242879,3200517,"2022-03-31",19,758463,9445
"229","Iowa",2022,"2022/04",133,"04",1379756,1248163,3200517,"2022-04-30",19,763782,9529
"230","Iowa",2022,"2022/05",149,"05",1384194,1252038,3200517,"2022-05-31",19,779064,9588
"231","Iowa",2022,"2022/06",142,"06",1388177,1255545,3200517,"2022-06-30",19,796611,9688
"232","Iowa",2022,"2022/07",132,"07",1391397,1258516,3200517,"2022-07-31",19,817159,9782
"233","Iowa",2022,"2022/08",158,"08",1395255,1263284,3200517,"2022-08-31",19,842647,9940
"234","Iowa",2022,"2022/09",134,"09",1398805,1266396,3200517,"2022-09-30",19,856096,10077
"235","Iowa",2022,"2022/10",159,"10",1404490,1271880,3200517,"2022-10-31",19,862925,10177
"236","Iowa",2022,"2022/11",145,"11",1410916,1277341,3200517,"2022-11-30",19,873595,10296
"237","Iowa",2022,"2022/12",147,"12",1414133,1279959,3200517,"2022-12-31",19,886411,10424
"238","Iowa",2023,"2023/01",158,"01",1416581,1281953,NA,"2023-01-31",19,894126,10568
"239","Iowa",2023,"2023/02",138,"02",1418194,1283211,NA,"2023-02-28",19,900343,10673
"240","Iowa",2023,"2023/03",134,"03",1418926,1283848,NA,"2023-03-23",19,907421,10770
"241","Kansas",2022,"2022/01",144,"01",1372949,1129510,2937150,"2022-01-31",20,731036,7565
"242","Kansas",2022,"2022/02",115,"02",1389731,1144775,2937150,"2022-02-28",20,766992,7968
"243","Kansas",2022,"2022/03",153,"03",1401339,1157285,2937150,"2022-03-31",20,771008,8321
"244","Kansas",2022,"2022/04",112,"04",1408301,1164392,2937150,"2022-04-30",20,776663,8635
"245","Kansas",2022,"2022/05",153,"05",1414217,1169964,2937150,"2022-05-31",20,786784,8959
"246","Kansas",2022,"2022/06",130,"06",1399142,1180405,2937150,"2022-06-30",20,807562,8977
"247","Kansas",2022,"2022/07",121,"07",1404093,1185379,2937150,"2022-07-31",20,835667,8992
"248","Kansas",2022,"2022/08",124,"08",1408838,1192079,2937150,"2022-08-31",20,864871,9019
"249","Kansas",2022,"2022/09",140,"09",1413633,1196642,2937150,"2022-09-30",20,879022,9555
"250","Kansas",2022,"2022/10",119,"10",1421821,1206364,2937150,"2022-10-31",20,888322,9632
"251","Kansas",2022,"2022/11",137,"11",1430956,1213945,2937150,"2022-11-30",20,902082,9801
"252","Kansas",2022,"2022/12",157,"12",1435771,1217739,2937150,"2022-12-31",20,917091,9859
"253","Kansas",2023,"2023/01",124,"01",1439234,1220570,NA,"2023-01-31",20,926552,10082
"254","Kansas",2023,"2023/02",102,"02",1441105,1222043,NA,"2023-02-28",20,934526,10168
"255","Kansas",2023,"2023/03",101,"03",1442716,1223617,NA,"2023-03-23",20,940815,10232
"256","Kentucky",2022,"2022/01",358,"01",1918350,1647543,4512310,"2022-01-31",21,1172511,12974
"257","Kentucky",2022,"2022/02",328,"02",1937759,1666411,4512310,"2022-02-28",21,1288028,13903
"258","Kentucky",2022,"2022/03",344,"03",1952173,1682222,4512310,"2022-03-31",21,1322449,14907
"259","Kentucky",2022,"2022/04",342,"04",1961656,1690891,4512310,"2022-04-30",21,1337049,15418
"260","Kentucky",2022,"2022/05",319,"05",1969793,1697776,4512310,"2022-05-31",21,1367467,15945
"261","Kentucky",2022,"2022/06",299,"06",1978391,1704331,4512310,"2022-06-30",21,1413121,16144
"262","Kentucky",2022,"2022/07",300,"07",1984566,1709333,4512310,"2022-07-31",21,1470408,16352
"263","Kentucky",2022,"2022/08",320,"08",1991896,1716559,4512310,"2022-08-31",21,1551511,16679
"264","Kentucky",2022,"2022/09",289,"09",1998008,1721451,4512310,"2022-09-30",21,1592745,16969
"265","Kentucky",2022,"2022/10",286,"10",2007221,1729443,4512310,"2022-10-31",21,1618948,17322
"266","Kentucky",2022,"2022/11",325,"11",2016998,1736759,4512310,"2022-11-30",21,1639218,17591
"267","Kentucky",2022,"2022/12",348,"12",2021718,1740278,4512310,"2022-12-31",21,1660077,17751
"268","Kentucky",2023,"2023/01",316,"01",2026533,1743988,NA,"2023-01-31",21,1692590,17974
"269","Kentucky",2023,"2023/02",279,"02",2029625,1745750,NA,"2023-02-28",21,1713220,18190
"270","Kentucky",2023,"2023/03",274,"03",2030967,1746593,NA,"2023-03-23",21,1723443,18348
"271","Louisiana",2022,"2022/01",420,"01",1872205,1611961,4590241,"2022-01-31",22,1170212,15674
"272","Louisiana",2022,"2022/02",322,"02",1891953,1632451,4590241,"2022-02-28",22,1225637,16606
"273","Louisiana",2022,"2022/03",389,"03",1906261,1648341,4590241,"2022-03-31",22,1232422,17127
"274","Louisiana",2022,"2022/04",307,"04",1915378,1657034,4590241,"2022-04-30",22,1238011,17248
"275","Louisiana",2022,"2022/05",319,"05",1923438,1663880,4590241,"2022-05-31",22,1259730,17326
"276","Louisiana",2022,"2022/06",293,"06",1931745,1669809,4590241,"2022-06-30",22,1308592,17412
"277","Louisiana",2022,"2022/07",348,"07",1938074,1675659,4590241,"2022-07-31",22,1377666,17571
"278","Louisiana",2022,"2022/08",324,"08",1942648,1681498,4590241,"2022-08-31",22,1431011,17871
"279","Louisiana",2022,"2022/09",293,"09",1946235,1684378,4590241,"2022-09-30",22,1455290,18066
"280","Louisiana",2022,"2022/10",340,"10",1952365,1690568,4590241,"2022-10-31",22,1461433,18168
"281","Louisiana",2022,"2022/11",352,"11",1957702,1694649,4590241,"2022-11-30",22,1473092,18274
"282","Louisiana",2022,"2022/12",368,"12",1960732,1696906,4590241,"2022-12-31",22,1514113,18370
"283","Louisiana",2023,"2023/01",337,"01",1963310,1698790,NA,"2023-01-31",22,1538276,18525
"284","Louisiana",2023,"2023/02",296,"02",1965241,1700271,NA,"2023-02-28",22,1566105,18706
"285","Louisiana",2023,"2023/03",257,"03",1966355,1701091,NA,"2023-03-23",22,1580709,18835
"286","Maine",2022,"2022/01",87,"01",758643,666574,1385340,"2022-01-31",23,174225,1738
"287","Maine",2022,"2022/02",63,"02",763654,672565,1385340,"2022-02-28",23,226150,2064
"288","Maine",2022,"2022/03",56,"03",767289,676072,1385340,"2022-03-31",23,235790,2202
"289","Maine",2022,"2022/04",65,"04",771409,679626,1385340,"2022-04-30",23,245080,2286
"290","Maine",2022,"2022/05",53,"05",775799,682486,1385340,"2022-05-31",23,262902,2346
"291","Maine",2022,"2022/06",68,"06",779677,684419,1385340,"2022-06-30",23,269926,2415
"292","Maine",2022,"2022/07",54,"07",782281,686281,1385340,"2022-07-31",23,275997,2467
"293","Maine",2022,"2022/08",57,"08",784949,688609,1385340,"2022-08-31",23,282808,2512
"294","Maine",2022,"2022/09",64,"09",786868,690429,1385340,"2022-09-30",23,289726,2580
"295","Maine",2022,"2022/10",66,"10",795047,693872,1385340,"2022-10-31",23,297246,2648
"296","Maine",2022,"2022/11",66,"11",803218,696773,1385340,"2022-11-30",23,301560,2750
"297","Maine",2022,"2022/12",83,"12",807268,698876,1385340,"2022-12-31",23,306647,2811
"298","Maine",2023,"2023/01",54,"01",810035,700091,NA,"2023-01-31",23,311802,2876
"299","Maine",2023,"2023/02",69,"02",811434,700971,NA,"2023-02-28",23,316760,2935
"300","Maine",2023,"2023/03",54,"03",812090,701413,NA,"2023-03-23",23,319997,2981
"301","Maryland",2022,"2022/01",349,"01",3469790,3001235,6164660,"2022-01-31",24,955537,13484
"302","Maryland",2022,"2022/02",287,"02",3515993,3044251,6164660,"2022-02-28",24,1002542,14122
"303","Maryland",2022,"2022/03",300,"03",3547372,3073082,6164660,"2022-03-31",24,1012183,14345
"304","Maryland",2022,"2022/04",269,"04",3570479,3093147,6164660,"2022-04-30",24,1031797,14456
"305","Maryland",2022,"2022/05",282,"05",3587780,3108193,6164660,"2022-05-31",24,1085895,14597
"306","Maryland",2022,"2022/06",277,"06",3604082,3116213,6164660,"2022-06-30",24,1134788,14789
"307","Maryland",2022,"2022/07",281,"07",3616407,3126789,6164660,"2022-07-31",24,1179674,14973
"308","Maryland",2022,"2022/08",254,"08",3629388,3137835,6164660,"2022-08-31",24,1223380,15188
"309","Maryland",2022,"2022/09",275,"09",3645210,3150917,6164660,"2022-09-30",24,1250304,15399
"310","Maryland",2022,"2022/10",275,"10",3669934,3171883,6164660,"2022-10-31",24,1268833,15558
"311","Maryland",2022,"2022/11",271,"11",3698389,3192730,6164660,"2022-11-30",24,1288582,15820
"312","Maryland",2022,"2022/12",305,"12",3712215,3202475,6164660,"2022-12-31",24,1318510,16034
"313","Maryland",2023,"2023/01",294,"01",3722249,3209663,NA,"2023-01-31",24,1346472,16308
"314","Maryland",2023,"2023/02",258,"02",3727453,3213190,NA,"2023-02-28",24,1362053,16526
"315","Maryland",2023,"2023/03",276,"03",3730387,3215410,NA,"2023-03-23",24,1369930,16672
"316","Massachusetts",2022,"2022/01",266,"01",4442306,3601444,6981974,"2022-01-31",25,1611594,22034
"317","Massachusetts",2022,"2022/02",200,"02",4503286,3642525,6981974,"2022-02-28",25,1671292,23424
"318","Massachusetts",2022,"2022/03",216,"03",4550015,3661718,6981974,"2022-03-31",25,1698761,20105
"319","Massachusetts",2022,"2022/04",215,"04",4579645,3681261,6981974,"2022-04-30",25,1757103,20263
"320","Massachusetts",2022,"2022/05",218,"05",4608791,3699080,6981974,"2022-05-31",25,1870836,20594
"321","Massachusetts",2022,"2022/06",185,"06",4630801,3711152,6981974,"2022-06-30",25,1924702,20944
"322","Massachusetts",2022,"2022/07",217,"07",4647944,3721131,6981974,"2022-07-31",25,1966919,21176
"323","Massachusetts",2022,"2022/08",227,"08",4664669,3731034,6981974,"2022-08-31",25,2005250,21390
"324","Massachusetts",2022,"2022/09",201,"09",4698429,3751773,6981974,"2022-09-30",25,2050942,21706
"325","Massachusetts",2022,"2022/10",204,"10",4759236,3785510,6981974,"2022-10-31",25,2086638,22023
"326","Massachusetts",2022,"2022/11",188,"11",4826221,3817146,6981974,"2022-11-30",25,2109719,22397
"327","Massachusetts",2022,"2022/12",235,"12",4863812,3835319,6981974,"2022-12-31",25,2154886,22940
"328","Massachusetts",2023,"2023/01",216,"01",4885782,3846300,NA,"2023-01-31",25,2193582,23594
"329","Massachusetts",2023,"2023/02",166,"02",4897363,3851097,NA,"2023-02-28",25,2216870,24131
"330","Massachusetts",2023,"2023/03",158,"03",4903785,3853599,NA,"2023-03-23",25,2230150,24441
"331","Michigan",2022,"2022/01",675,"01",4232214,3773162,10034113,"2022-01-31",26,2252688,32225
"332","Michigan",2022,"2022/02",532,"02",4297530,3834455,10034113,"2022-02-28",26,2354772,34467
"333","Michigan",2022,"2022/03",513,"03",4331833,3864617,10034113,"2022-03-31",26,2381800,35622
"334","Michigan",2022,"2022/04",515,"04",4349439,3882175,10034113,"2022-04-30",26,2425946,36002
"335","Michigan",2022,"2022/05",533,"05",4365646,3897442,10034113,"2022-05-31",26,2527831,36357
"336","Michigan",2022,"2022/06",524,"06",4379526,3909723,10034113,"2022-06-30",26,2606431,36918
"337","Michigan",2022,"2022/07",568,"07",4384521,3914349,10034113,"2022-07-31",26,2672312,37428
"338","Michigan",2022,"2022/08",524,"08",4403482,3931341,10034113,"2022-08-31",26,2770359,38038
"339","Michigan",2022,"2022/09",468,"09",4418124,3942995,10034113,"2022-09-30",26,2836167,38624
"340","Michigan",2022,"2022/10",581,"10",4438369,3959897,10034113,"2022-10-31",26,2886176,39250
"341","Michigan",2022,"2022/11",525,"11",4458368,3975849,10034113,"2022-11-30",26,2938443,40033
"342","Michigan",2022,"2022/12",628,"12",4469298,3984332,10034113,"2022-12-31",26,2979504,40767
"343","Michigan",2023,"2023/01",547,"01",4476401,3989792,NA,"2023-01-31",26,3021244,41636
"344","Michigan",2023,"2023/02",499,"02",4480945,3993181,NA,"2023-02-28",26,3047915,42041
"345","Michigan",2023,"2023/03",498,"03",4483890,3995319,NA,"2023-03-23",26,3068195,42311
"346","Minnesota",2022,"2022/01",187,"01",2723758,2483260,5717184,"2022-01-31",27,1321903,11561
"347","Minnesota",2022,"2022/02",181,"02",2747990,2512658,5717184,"2022-02-28",27,1413756,12289
"348","Minnesota",2022,"2022/03",186,"03",2760196,2527334,5717184,"2022-03-31",27,1429780,12638
"349","Minnesota",2022,"2022/04",171,"04",2770136,2537475,5717184,"2022-04-30",27,1452817,12778
"350","Minnesota",2022,"2022/05",168,"05",2779804,2546106,5717184,"2022-05-31",27,1507478,12943
"351","Minnesota",2022,"2022/06",167,"06",2787821,2553630,5717184,"2022-06-30",27,1553161,13127
"352","Minnesota",2022,"2022/07",154,"07",2793836,2559363,5717184,"2022-07-31",27,1590564,13293
"353","Minnesota",2022,"2022/08",171,"08",2800967,2567793,5717184,"2022-08-31",27,1630819,13429
"354","Minnesota",2022,"2022/09",155,"09",2809319,2574495,5717184,"2022-09-30",27,1664797,13651
"355","Minnesota",2022,"2022/10",138,"10",2823960,2585497,5717184,"2022-10-31",27,1686048,13825
"356","Minnesota",2022,"2022/11",161,"11",2839653,2596389,5717184,"2022-11-30",27,1707968,14039
"357","Minnesota",2022,"2022/12",165,"12",2847551,2602227,5717184,"2022-12-31",27,1736893,14320
"358","Minnesota",2023,"2023/01",192,"01",2852864,2605899,NA,"2023-01-31",27,1753092,14554
"359","Minnesota",2023,"2023/02",127,"02",2856917,2608624,NA,"2023-02-28",27,1770117,14766
"360","Minnesota",2023,"2023/03",140,"03",2859335,2610248,NA,"2023-03-23",27,1784263,14964
"361","Mississippi",2022,"2022/01",343,"01",1142909,975741,2940057,"2022-01-31",28,727418,10935
"362","Mississippi",2022,"2022/02",254,"02",1157020,990300,2940057,"2022-02-28",28,789940,12039
"363","Mississippi",2022,"2022/03",273,"03",1166579,1001123,2940057,"2022-03-31",28,794558,12397
"364","Mississippi",2022,"2022/04",257,"04",1173051,1007166,2940057,"2022-04-30",28,797575,12444
"365","Mississippi",2022,"2022/05",259,"05",1178485,1011717,2940057,"2022-05-31",28,808338,12467
"366","Mississippi",2022,"2022/06",251,"06",1184387,1015434,2940057,"2022-06-30",28,835120,12525
"367","Mississippi",2022,"2022/07",254,"07",1190020,1020747,2940057,"2022-07-31",28,875132,12648
"368","Mississippi",2022,"2022/08",252,"08",1195773,1028080,2940057,"2022-08-31",28,913049,12794
"369","Mississippi",2022,"2022/09",277,"09",1198187,1030240,2940057,"2022-09-30",28,927465,12912
"370","Mississippi",2022,"2022/10",260,"10",1201417,1034315,2940057,"2022-10-31",28,933065,12968
"371","Mississippi",2022,"2022/11",255,"11",1205060,1037146,2940057,"2022-11-30",28,940023,13065
"372","Mississippi",2022,"2022/12",320,"12",1207042,1038624,2940057,"2022-12-31",28,955145,13124
"373","Mississippi",2023,"2023/01",235,"01",1209093,1040160,NA,"2023-01-31",28,977790,13249
"374","Mississippi",2023,"2023/02",217,"02",1210446,1041172,NA,"2023-02-28",28,987105,13351
"375","Mississippi",2023,"2023/03",269,"03",1211360,1041754,NA,"2023-03-23",28,993035,13431
"376","Missouri",2022,"2022/01",454,"01",2602998,2175995,6177957,"2022-01-31",29,1345787,17421
"377","Missouri",2022,"2022/02",397,"02",2629667,2200243,6177957,"2022-02-28",29,1413255,19061
"378","Missouri",2022,"2022/03",396,"03",2647987,2217824,6177957,"2022-03-31",29,1428158,20168
"379","Missouri",2022,"2022/04",365,"04",2661248,2231048,6177957,"2022-04-30",29,1433608,20199
"380","Missouri",2022,"2022/05",371,"05",2671720,2240800,6177957,"2022-05-31",29,1471330,20753
"381","Missouri",2022,"2022/06",361,"06",2682146,2249791,6177957,"2022-06-30",29,1517234,20893
"382","Missouri",2022,"2022/07",372,"07",2691991,2259123,6177957,"2022-07-31",29,1582954,21121
"383","Missouri",2022,"2022/08",367,"08",2701626,2269273,6177957,"2022-08-31",29,1628044,21428
"384","Missouri",2022,"2022/09",345,"09",2711243,2278708,6177957,"2022-09-30",29,1668502,21694
"385","Missouri",2022,"2022/10",331,"10",2726701,2296228,6177957,"2022-10-31",29,1684834,21846
"386","Missouri",2022,"2022/11",383,"11",2743941,2312362,6177957,"2022-11-30",29,1711098,23067
"387","Missouri",2022,"2022/12",447,"12",2752766,2319859,6177957,"2022-12-31",29,1743492,23282
"388","Missouri",2023,"2023/01",416,"01",2758411,2325142,NA,"2023-01-31",29,1767732,23603
"389","Missouri",2023,"2023/02",334,"02",2761834,2327772,NA,"2023-02-28",29,1783978,23819
"390","Missouri",2023,"2023/03",326,"03",2764611,2329790,NA,"2023-03-23",29,1794207,23998
"391","Montana",2022,"2022/01",69,"01",427317,367904,1122867,"2022-01-31",30,242930,3004
"392","Montana",2022,"2022/02",50,"02",432172,371709,1122867,"2022-02-28",30,266861,3188
"393","Montana",2022,"2022/03",56,"03",434836,374722,1122867,"2022-03-31",30,272798,3247
"394","Montana",2022,"2022/04",49,"04",436673,376394,1122867,"2022-04-30",30,274221,3363
"395","Montana",2022,"2022/05",47,"05",438520,378045,1122867,"2022-05-31",30,277887,3401
"396","Montana",2022,"2022/06",51,"06",440219,379507,1122867,"2022-06-30",30,285619,3444
"397","Montana",2022,"2022/07",41,"07",441739,380886,1122867,"2022-07-31",30,296891,3473
"398","Montana",2022,"2022/08",55,"08",442978,382484,1122867,"2022-08-31",30,304498,3504
"399","Montana",2022,"2022/09",49,"09",444180,383377,1122867,"2022-09-30",30,310910,3520
"400","Montana",2022,"2022/10",54,"10",446598,385476,1122867,"2022-10-31",30,314811,3574
"401","Montana",2022,"2022/11",55,"11",449084,387163,1122867,"2022-11-30",30,318360,3614
"402","Montana",2022,"2022/12",51,"12",450201,387972,1122867,"2022-12-31",30,323245,3639
"403","Montana",2023,"2023/01",36,"01",451281,388704,NA,"2023-01-31",30,326001,3655
"404","Montana",2023,"2023/02",32,"02",451756,389063,NA,"2023-02-28",30,328961,3674
"405","Montana",2023,"2023/03",46,"03",452033,389260,NA,"2023-03-23",30,330875,3701
"406","Nebraska",2022,"2022/01",92,"01",876119,783690,1967923,"2022-01-31",31,439326,3666
"407","Nebraska",2022,"2022/02",65,"02",885047,793086,1967923,"2022-02-28",31,475528,3956
"408","Nebraska",2022,"2022/03",59,"03",890684,799691,1967923,"2022-03-31",31,477761,4161
"409","Nebraska",2022,"2022/04",59,"04",894518,803567,1967923,"2022-04-30",31,479989,4197
"410","Nebraska",2022,"2022/05",80,"05",897067,805816,1967923,"2022-05-31",31,487104,4288
"411","Nebraska",2022,"2022/06",63,"06",900506,808083,1967923,"2022-06-30",31,500056,4334
"412","Nebraska",2022,"2022/07",75,"07",903187,810804,1967923,"2022-07-31",31,515858,4366
"413","Nebraska",2022,"2022/08",71,"08",905794,813680,1967923,"2022-08-31",31,529808,4455
"414","Nebraska",2022,"2022/09",63,"09",908429,816090,1967923,"2022-09-30",31,537466,4542
"415","Nebraska",2022,"2022/10",60,"10",911158,818947,1967923,"2022-10-31",31,535139,4550
"416","Nebraska",2022,"2022/11",71,"11",916749,823700,1967923,"2022-11-30",31,542936,4800
"417","Nebraska",2022,"2022/12",86,"12",918740,825371,1967923,"2022-12-31",31,556647,4843
"418","Nebraska",2023,"2023/01",84,"01",920862,827097,NA,"2023-01-31",31,561270,4910
"419","Nebraska",2023,"2023/02",53,"02",922174,828171,NA,"2023-02-28",31,566128,5019
"420","Nebraska",2023,"2023/03",74,"03",923030,828862,NA,"2023-03-23",31,570835,5068
"421","Nevada",2022,"2022/01",222,"01",1549694,1245955,3177772,"2022-01-31",32,656898,8951
"422","Nevada",2022,"2022/02",172,"02",1570573,1266334,3177772,"2022-02-28",32,683766,9704
"423","Nevada",2022,"2022/03",175,"03",1583012,1275601,3177772,"2022-03-31",32,713129,10091
"424","Nevada",2022,"2022/04",178,"04",1592927,1283861,3177772,"2022-04-30",32,719451,10774
"425","Nevada",2022,"2022/05",175,"05",1600817,1289500,3177772,"2022-05-31",32,737374,10883
"426","Nevada",2022,"2022/06",183,"06",1608796,1292186,3177772,"2022-06-30",32,773841,11039
"427","Nevada",2022,"2022/07",173,"07",1614760,1296320,3177772,"2022-07-31",32,826500,11221
"428","Nevada",2022,"2022/08",150,"08",1620720,1300794,3177772,"2022-08-31",32,841577,11400
"429","Nevada",2022,"2022/09",156,"09",1625691,1304130,3177772,"2022-09-30",32,847528,11502
"430","Nevada",2022,"2022/10",162,"10",1633757,1312981,3177772,"2022-10-31",32,852961,11555
"431","Nevada",2022,"2022/11",189,"11",1644317,1319843,3177772,"2022-11-30",32,861746,11755
"432","Nevada",2022,"2022/12",201,"12",1626600,1329234,3177772,"2022-12-31",32,876118,11880
"433","Nevada",2023,"2023/01",199,"01",1631260,1331287,NA,"2023-01-31",32,882917,12010
"434","Nevada",2023,"2023/02",148,"02",1634263,1332627,NA,"2023-02-28",32,887803,12049
"435","Nevada",2023,"2023/03",146,"03",1636278,1333483,NA,"2023-03-23",32,892814,12093
"436","New Hampshire",2022,"2022/01",66,"01",911331,621752,1395231,"2022-01-31",33,276856,2209
"437","New Hampshire",2022,"2022/02",51,"02",847613,611968,1395231,"2022-02-28",33,298362,2377
"438","New Hampshire",2022,"2022/03",54,"03",792885,619784,1395231,"2022-03-31",33,302541,2452
"439","New Hampshire",2022,"2022/04",51,"04",776770,623837,1395231,"2022-04-30",33,309982,2480
"440","New Hampshire",2022,"2022/05",50,"05",783936,628954,1395231,"2022-05-31",33,325569,2537
"441","New Hampshire",2022,"2022/06",53,"06",787898,631967,1395231,"2022-06-30",33,332120,2585
"442","New Hampshire",2022,"2022/07",53,"07",789934,633610,1395231,"2022-07-31",33,338298,2627
"443","New Hampshire",2022,"2022/08",56,"08",792602,636184,1395231,"2022-08-31",33,344381,2662
"444","New Hampshire",2022,"2022/09",48,"09",743112,611029,1395231,"2022-09-30",33,350353,2705
"445","New Hampshire",2022,"2022/10",54,"10",759279,621576,1395231,"2022-10-31",33,357209,2751
"446","New Hampshire",2022,"2022/11",56,"11",761761,622566,1395231,"2022-11-30",33,361370,2816
"447","New Hampshire",2022,"2022/12",61,"12",769893,628453,1395231,"2022-12-31",33,367542,2856
"448","New Hampshire",2023,"2023/01",66,"01",774845,630924,NA,"2023-01-31",33,373007,2942
"449","New Hampshire",2023,"2023/02",58,"02",776179,631888,NA,"2023-02-28",33,377435,2996
"450","New Hampshire",2023,"2023/03",54,"03",777285,632895,NA,"2023-03-23",33,379689,3018
"451","New Jersey",2022,"2022/01",410,"01",5358442,4450934,9261699,"2022-01-31",34,2111856,31442
"452","New Jersey",2022,"2022/02",341,"02",5449527,4526310,9261699,"2022-02-28",34,2167515,32916
"453","New Jersey",2022,"2022/03",364,"03",5490581,4559624,9261699,"2022-03-31",34,2199807,33232
"454","New Jersey",2022,"2022/04",321,"04",5522725,4587591,9261699,"2022-04-30",34,2261694,33433
"455","New Jersey",2022,"2022/05",336,"05",5551242,4609989,9261699,"2022-05-31",34,2394595,33702
"456","New Jersey",2022,"2022/06",309,"06",5571628,4624744,9261699,"2022-06-30",34,2488751,34049
"457","New Jersey",2022,"2022/07",386,"07",5589051,4638334,9261699,"2022-07-31",34,2597675,34267
"458","New Jersey",2022,"2022/08",294,"08",5606309,4651825,9261699,"2022-08-31",34,2676938,34562
"459","New Jersey",2022,"2022/09",283,"09",5625244,4667982,9261699,"2022-09-30",34,2740906,34744
"460","New Jersey",2022,"2022/10",299,"10",5654318,4693716,9261699,"2022-10-31",34,2797842,34916
"461","New Jersey",2022,"2022/11",347,"11",5686481,4718970,9261699,"2022-11-30",34,2848609,35145
"462","New Jersey",2022,"2022/12",336,"12",5705490,4733189,9261699,"2022-12-31",34,2926834,35533
"463","New Jersey",2023,"2023/01",338,"01",5719905,4743412,NA,"2023-01-31",34,3002299,35815
"464","New Jersey",2023,"2023/02",281,"02",5727369,4748300,NA,"2023-02-28",34,3042227,35994
"465","New Jersey",2023,"2023/03",292,"03",5732110,4751069,NA,"2023-03-23",34,3057442,36097
"466","New Mexico",2022,"2022/01",124,"01",1154192,932068,2113344,"2022-01-31",35,480087,6456
"467","New Mexico",2022,"2022/02",94,"02",1171477,944226,2113344,"2022-02-28",35,511434,6921
"468","New Mexico",2022,"2022/03",101,"03",1181504,951411,2113344,"2022-03-31",35,517858,7276
"469","New Mexico",2022,"2022/04",94,"04",1190071,958104,2113344,"2022-04-30",35,522329,7501
"470","New Mexico",2022,"2022/05",83,"05",1198172,963947,2113344,"2022-05-31",35,536017,7793
"471","New Mexico",2022,"2022/06",74,"06",1205231,967102,2113344,"2022-06-30",35,563848,7943
"472","New Mexico",2022,"2022/07",85,"07",1211147,971263,2113344,"2022-07-31",35,591041,8248
"473","New Mexico",2022,"2022/08",103,"08",1216533,975192,2113344,"2022-08-31",35,611310,8449
"474","New Mexico",2022,"2022/09",82,"09",1221927,978771,2113344,"2022-09-30",35,618683,8569
"475","New Mexico",2022,"2022/10",81,"10",1233011,985700,2113344,"2022-10-31",35,628243,8645
"476","New Mexico",2022,"2022/11",99,"11",1247877,993884,2113344,"2022-11-30",35,646566,8721
"477","New Mexico",2022,"2022/12",101,"12",1255201,997442,2113344,"2022-12-31",35,659056,8828
"478","New Mexico",2023,"2023/01",89,"01",1259935,999652,NA,"2023-01-31",35,664838,8966
"479","New Mexico",2023,"2023/02",78,"02",1262398,1000969,NA,"2023-02-28",35,669298,9048
"480","New Mexico",2023,"2023/03",72,"03",1263843,1001743,NA,"2023-03-23",35,673541,9110
"481","New York",2022,"2022/01",1024,"01",11945579,10097375,19677151,"2022-01-31",36,4789532,64247
"482","New York",2022,"2022/02",760,"02",12123245,10241975,19677151,"2022-02-28",36,4908495,66741
"483","New York",2022,"2022/03",846,"03",12202157,10309959,19677151,"2022-03-31",36,4978875,67313
"484","New York",2022,"2022/04",722,"04",12265333,10370876,19677151,"2022-04-30",36,5150193,67684
"485","New York",2022,"2022/05",767,"05",12319451,10421944,19677151,"2022-05-31",36,5428274,68327
"486","New York",2022,"2022/06",702,"06",12363804,10460888,19677151,"2022-06-30",36,5596869,68988
"487","New York",2022,"2022/07",778,"07",12399629,10492890,19677151,"2022-07-31",36,5802579,69576
"488","New York",2022,"2022/08",775,"08",12434616,10523970,19677151,"2022-08-31",36,5975934,70403
"489","New York",2022,"2022/09",747,"09",12478934,10572551,19677151,"2022-09-30",36,6109107,71097
"490","New York",2022,"2022/10",773,"10",12548779,10647171,19677151,"2022-10-31",36,6241217,72399
"491","New York",2022,"2022/11",751,"11",12625332,10716927,19677151,"2022-11-30",36,6370527,76738
"492","New York",2022,"2022/12",842,"12",12668115,10757735,19677151,"2022-12-31",36,6563605,77722
"493","New York",2023,"2023/01",730,"01",12699425,10782744,NA,"2023-01-31",36,6706997,78850
"494","New York",2023,"2023/02",645,"02",12716767,10796101,NA,"2023-02-28",36,6776934,79625
"495","New York",2023,"2023/03",647,"03",12726236,10803624,NA,"2023-03-23",36,6805271,80109
"496","North Carolina",2022,"2022/01",663,"01",5595152,4085118,10698973,"2022-01-31",37,2421306,20767
"497","North Carolina",2022,"2022/02",521,"02",5689640,4136319,10698973,"2022-02-28",37,2591336,22580
"498","North Carolina",2022,"2022/03",492,"03",5742503,4166819,10698973,"2022-03-31",37,2631072,23217
"499","North Carolina",2022,"2022/04",497,"04",5792449,4207311,10698973,"2022-04-30",37,2661333,23415
"500","North Carolina",2022,"2022/05",551,"05",5838980,4244765,10698973,"2022-05-31",37,2747267,24654
"501","North Carolina",2022,"2022/06",548,"06",5877617,4266759,10698973,"2022-06-30",37,2868188,25219
"502","North Carolina",2022,"2022/07",525,"07",5910363,4291486,10698973,"2022-07-31",37,2983655,25493
"503","North Carolina",2022,"2022/08",489,"08",5939368,4314123,10698973,"2022-08-31",37,3120821,26345
"504","North Carolina",2022,"2022/09",545,"09",5989176,4350162,10698973,"2022-09-30",37,3198866,26535
"505","North Carolina",2022,"2022/10",514,"10",6068217,4409948,10698973,"2022-10-31",37,3237440,26963
"506","North Carolina",2022,"2022/11",533,"11",6143436,4463278,10698973,"2022-11-30",37,3275343,28559
"507","North Carolina",2022,"2022/12",580,"12",6183028,4489241,10698973,"2022-12-31",37,3316814,28789
"508","North Carolina",2023,"2023/01",540,"01",6208480,4504689,NA,"2023-01-31",37,3412542,29141
"509","North Carolina",2023,"2023/02",453,"02",6222818,4511734,NA,"2023-02-28",37,3459600,29519
"510","North Carolina",2023,"2023/03",529,"03",6230128,4515387,NA,"2023-03-23",37,3481732,29746
"511","North Dakota",2022,"2022/01",28,"01",325051,275416,779261,"2022-01-31",38,223767,2140
"512","North Dakota",2022,"2022/02",32,"02",327136,277140,779261,"2022-02-28",38,238053,2239
"513","North Dakota",2022,"2022/03",33,"03",327950,277813,779261,"2022-03-31",38,239780,2279
"514","North Dakota",2022,"2022/04",27,"04",328624,278955,779261,"2022-04-30",38,241127,2315
"515","North Dakota",2022,"2022/05",34,"05",333565,282969,779261,"2022-05-31",38,244571,2330
"516","North Dakota",2022,"2022/06",25,"06",335096,284018,779261,"2022-06-30",38,249770,2343
"517","North Dakota",2022,"2022/07",29,"07",336196,284991,779261,"2022-07-31",38,257331,2356
"518","North Dakota",2022,"2022/08",36,"08",337448,286669,779261,"2022-08-31",38,264517,2395
"519","North Dakota",2022,"2022/09",30,"09",338508,287452,779261,"2022-09-30",38,269306,2411
"520","North Dakota",2022,"2022/10",25,"10",340849,289747,779261,"2022-10-31",38,272812,2434
"521","North Dakota",2022,"2022/11",24,"11",343019,291648,779261,"2022-11-30",38,276274,2434
"522","North Dakota",2022,"2022/12",30,"12",343950,292411,779261,"2022-12-31",38,280583,2474
"523","North Dakota",2023,"2023/01",23,"01",344635,292988,NA,"2023-01-31",38,282940,2492
"524","North Dakota",2023,"2023/02",22,"02",345194,293349,NA,"2023-02-28",38,286247,2510
"525","North Dakota",2023,"2023/03",23,"03",345441,293569,NA,"2023-03-23",38,288106,2529
"526","Ohio",2022,"2022/01",800,"01",4740392,4298690,11756058,"2022-01-31",39,2580405,33071
"527","Ohio",2022,"2022/02",666,"02",4782374,4352797,11756058,"2022-02-28",39,2653940,36580
"528","Ohio",2022,"2022/03",627,"03",4808271,4384495,11756058,"2022-03-31",39,2672801,38042
"529","Ohio",2022,"2022/04",568,"04",4828719,4405390,11756058,"2022-04-30",39,2697058,38428
"530","Ohio",2022,"2022/05",675,"05",4852731,4453506,11756058,"2022-05-31",39,2763123,38628
"531","Ohio",2022,"2022/06",634,"06",4834469,4431876,11756058,"2022-06-30",39,2848453,38852
"532","Ohio",2022,"2022/07",603,"07",4848047,4447165,11756058,"2022-07-31",39,2948242,39035
"533","Ohio",2022,"2022/08",625,"08",4862073,4462771,11756058,"2022-08-31",39,3049546,39406
"534","Ohio",2022,"2022/09",571,"09",4875238,4473641,11756058,"2022-09-30",39,3143746,39856
"535","Ohio",2022,"2022/10",644,"10",4892923,4487570,11756058,"2022-10-31",39,3185038,40178
"536","Ohio",2022,"2022/11",661,"11",4914079,4504747,11756058,"2022-11-30",39,3227759,40588
"537","Ohio",2022,"2022/12",693,"12",4925541,4513332,11756058,"2022-12-31",39,3307568,41018
"538","Ohio",2023,"2023/01",629,"01",4933163,4519214,NA,"2023-01-31",39,3347767,41443
"539","Ohio",2023,"2023/02",534,"02",4938816,4523767,NA,"2023-02-28",39,3382995,41826
"540","Ohio",2023,"2023/03",554,"03",4942261,4526603,NA,"2023-03-23",39,3415254,42061
"541","Oklahoma",2022,"2022/01",351,"01",1831913,1459312,4019800,"2022-01-31",40,976914,12044
"542","Oklahoma",2022,"2022/02",275,"02",1853164,1478786,4019800,"2022-02-28",40,1021595,12990
"543","Oklahoma",2022,"2022/03",323,"03",1867287,1492833,4019800,"2022-03-31",40,1033848,14010
"544","Oklahoma",2022,"2022/04",297,"04",1879654,1504261,4019800,"2022-04-30",40,1040982,14271
"545","Oklahoma",2022,"2022/05",288,"05",1888881,1512659,4019800,"2022-05-31",40,1049849,14420
"546","Oklahoma",2022,"2022/06",290,"06",1897093,1517326,4019800,"2022-06-30",40,1076350,14472
"547","Oklahoma",2022,"2022/07",311,"07",1906051,1525234,4019800,"2022-07-31",40,1120934,14576
"548","Oklahoma",2022,"2022/08",262,"08",1913430,1532456,4019800,"2022-08-31",40,1170225,14670
"549","Oklahoma",2022,"2022/09",266,"09",1921328,1539956,4019800,"2022-09-30",40,1197762,14805
"550","Oklahoma",2022,"2022/10",264,"10",1932934,1553032,4019800,"2022-10-31",40,1208316,14961
"551","Oklahoma",2022,"2022/11",272,"11",1944970,1563682,4019800,"2022-11-30",40,1219820,15798
"552","Oklahoma",2022,"2022/12",329,"12",1950762,1568885,4019800,"2022-12-31",40,1250013,16054
"553","Oklahoma",2023,"2023/01",312,"01",1955711,1572934,NA,"2023-01-31",40,1270476,16177
"554","Oklahoma",2023,"2023/02",235,"02",1958187,1574799,NA,"2023-02-28",40,1284450,16376
"555","Oklahoma",2023,"2023/03",224,"03",1959644,1575864,NA,"2023-03-23",40,1295832,16549
"556","Oregon",2022,"2022/01",160,"01",2138228,1904294,4240137,"2022-01-31",41,633876,6100
"557","Oregon",2022,"2022/02",155,"02",2158083,1920097,4240137,"2022-02-28",41,693929,6622
"558","Oregon",2022,"2022/03",149,"03",2169836,1929759,4240137,"2022-03-31",41,704152,7144
"559","Oregon",2022,"2022/04",167,"04",2178963,1937707,4240137,"2022-04-30",41,721311,7502
"560","Oregon",2022,"2022/05",156,"05",2187641,1945107,4240137,"2022-05-31",41,765449,7635
"561","Oregon",2022,"2022/06",152,"06",2194829,1951012,4240137,"2022-06-30",41,811693,7813
"562","Oregon",2022,"2022/07",150,"07",2200337,1955528,4240137,"2022-07-31",41,850355,8101
"563","Oregon",2022,"2022/08",156,"08",2206044,1960824,4240137,"2022-08-31",41,878148,8412
"564","Oregon",2022,"2022/09",136,"09",2212999,1966049,4240137,"2022-09-30",41,894776,8561
"565","Oregon",2022,"2022/10",125,"10",2223649,1974261,4240137,"2022-10-31",41,908188,8680
"566","Oregon",2022,"2022/11",157,"11",2239995,1985629,4240137,"2022-11-30",41,924632,8870
"567","Oregon",2022,"2022/12",162,"12",2248727,1991328,4240137,"2022-12-31",41,939303,8967
"568","Oregon",2023,"2023/01",160,"01",2254083,1994867,NA,"2023-01-31",41,948901,9168
"569","Oregon",2023,"2023/02",115,"02",2257890,1997619,NA,"2023-02-28",41,959393,9340
"570","Oregon",2023,"2023/03",163,"03",2260080,1999219,NA,"2023-03-23",41,967156,9451
"571","Pennsylvania",2022,"2022/01",799,"01",6900558,5490280,12972008,"2022-01-31",42,2661481,40581
"572","Pennsylvania",2022,"2022/02",547,"02",7002618,5570756,12972008,"2022-02-28",42,2757425,43216
"573","Pennsylvania",2022,"2022/03",577,"03",7058512,5616211,12972008,"2022-03-31",42,2781353,44275
"574","Pennsylvania",2022,"2022/04",547,"04",7112742,5659745,12972008,"2022-04-30",42,2820219,44677
"575","Pennsylvania",2022,"2022/05",594,"05",7153859,5695255,12972008,"2022-05-31",42,2925652,45184
"576","Pennsylvania",2022,"2022/06",556,"06",7206800,5736368,12972008,"2022-06-30",42,3006257,45766
"577","Pennsylvania",2022,"2022/07",565,"07",7239440,5762436,12972008,"2022-07-31",42,3083595,46185
"578","Pennsylvania",2022,"2022/08",553,"08",7271747,5789793,12972008,"2022-08-31",42,3185902,46716
"579","Pennsylvania",2022,"2022/09",552,"09",7291427,5803814,12972008,"2022-09-30",42,3254503,47213
"580","Pennsylvania",2022,"2022/10",612,"10",7340678,5864013,12972008,"2022-10-31",42,3305389,47705
"581","Pennsylvania",2022,"2022/11",601,"11",7405228,5919418,12972008,"2022-11-30",42,3360797,48467
"582","Pennsylvania",2022,"2022/12",624,"12",7439349,5948514,12972008,"2022-12-31",42,3416142,48972
"583","Pennsylvania",2023,"2023/01",607,"01",7460072,5965981,NA,"2023-01-31",42,3469902,49711
"584","Pennsylvania",2023,"2023/02",501,"02",7475740,5978448,NA,"2023-02-28",42,3512545,50248
"585","Pennsylvania",2023,"2023/03",532,"03",7485369,5985802,NA,"2023-03-23",42,3539135,50701
"586","Rhode Island",2022,"2022/01",53,"01",682276,564416,1093734,"2022-01-31",44,343779,3316
"587","Rhode Island",2022,"2022/02",37,"02",695382,575353,1093734,"2022-02-28",44,355925,3412
"588","Rhode Island",2022,"2022/03",37,"03",703420,581203,1093734,"2022-03-31",44,361262,3522
"589","Rhode Island",2022,"2022/04",37,"04",709505,586053,1093734,"2022-04-30",44,371629,3540
"590","Rhode Island",2022,"2022/05",40,"05",715471,590407,1093734,"2022-05-31",44,392790,3579
"591","Rhode Island",2022,"2022/06",28,"06",720147,593041,1093734,"2022-06-30",44,402769,3609
"592","Rhode Island",2022,"2022/07",40,"07",724468,596542,1093734,"2022-07-31",44,410399,3630
"593","Rhode Island",2022,"2022/08",40,"08",729543,600466,1093734,"2022-08-31",44,416638,3643
"594","Rhode Island",2022,"2022/09",26,"09",734401,603503,1093734,"2022-09-30",44,425461,3669
"595","Rhode Island",2022,"2022/10",36,"10",743149,608165,1093734,"2022-10-31",44,432042,3696
"596","Rhode Island",2022,"2022/11",35,"11",750245,612336,1093734,"2022-11-30",44,436904,3771
"597","Rhode Island",2022,"2022/12",36,"12",752711,614624,1093734,"2022-12-31",44,443645,3800
"598","Rhode Island",2023,"2023/01",29,"01",754734,615993,NA,"2023-01-31",44,454211,3850
"599","Rhode Island",2023,"2023/02",34,"02",755851,616806,NA,"2023-02-28",44,459256,3892
"600","Rhode Island",2023,"2023/03",41,"03",756361,617216,NA,"2023-03-23",44,461788,3915
"601","South Carolina",2022,"2022/01",414,"01",2164273,1809441,5282634,"2022-01-31",45,1385019,15480
"602","South Carolina",2022,"2022/02",291,"02",2193459,1838083,5282634,"2022-02-28",45,1461155,16865
"603","South Carolina",2022,"2022/03",319,"03",2211212,1857275,5282634,"2022-03-31",45,1468140,17591
"604","South Carolina",2022,"2022/04",309,"04",2216242,1860893,5282634,"2022-04-30",45,1474272,17767
"605","South Carolina",2022,"2022/05",295,"05",2236252,1878041,5282634,"2022-05-31",45,1495762,17905
"606","South Carolina",2022,"2022/06",319,"06",2248498,1884854,5282634,"2022-06-30",45,1546406,18033
"607","South Carolina",2022,"2022/07",304,"07",2257816,1892456,5282634,"2022-07-31",45,1605165,18192
"608","South Carolina",2022,"2022/08",309,"08",2269095,1903458,5282634,"2022-08-31",45,1674281,18263
"609","South Carolina",2022,"2022/09",320,"09",2277869,1910750,5282634,"2022-09-30",45,1708074,18365
"610","South Carolina",2022,"2022/10",324,"10",2289191,1923726,5282634,"2022-10-31",45,1721693,18578
"611","South Carolina",2022,"2022/11",333,"11",2302696,1934242,5282634,"2022-11-30",45,1738379,19274
"612","South Carolina",2022,"2022/12",344,"12",2310087,1940140,5282634,"2022-12-31",45,1770059,19385
"613","South Carolina",2023,"2023/01",339,"01",2315809,1944224,NA,"2023-01-31",45,1812958,19628
"614","South Carolina",2023,"2023/02",273,"02",2318534,1946364,NA,"2023-02-28",45,1833731,20022
"615","South Carolina",2023,"2023/03",293,"03",2321038,1947937,NA,"2023-03-23",45,1840458,20192
"616","South Dakota",2022,"2022/01",44,"01",415647,332275,909824,"2022-01-31",46,226413,2650
"617","South Dakota",2022,"2022/02",32,"02",421538,336737,909824,"2022-02-28",46,235882,2805
"618","South Dakota",2022,"2022/03",39,"03",425576,339912,909824,"2022-03-31",46,237109,2883
"619","South Dakota",2022,"2022/04",35,"04",429017,342934,909824,"2022-04-30",46,237812,2912
"620","South Dakota",2022,"2022/05",38,"05",431934,345265,909824,"2022-05-31",46,239704,2927
"621","South Dakota",2022,"2022/06",32,"06",434664,347341,909824,"2022-06-30",46,244523,2938
"622","South Dakota",2022,"2022/07",41,"07",437083,349464,909824,"2022-07-31",46,250286,2956
"623","South Dakota",2022,"2022/08",36,"08",439907,352528,909824,"2022-08-31",46,257547,2993
"624","South Dakota",2022,"2022/09",35,"09",443231,354447,909824,"2022-09-30",46,261371,3021
"625","South Dakota",2022,"2022/10",24,"10",449941,357542,909824,"2022-10-31",46,264187,3059
"626","South Dakota",2022,"2022/11",38,"11",455257,360657,909824,"2022-11-30",46,268797,3117
"627","South Dakota",2022,"2022/12",35,"12",457504,361920,909824,"2022-12-31",46,271856,3138
"628","South Dakota",2023,"2023/01",37,"01",459119,362802,NA,"2023-01-31",46,273929,3169
"629","South Dakota",2023,"2023/02",36,"02",460023,363374,NA,"2023-02-28",46,277651,3196
"630","South Dakota",2023,"2023/03",33,"03",460694,363825,NA,"2023-03-23",46,280525,3222
"631","Tennessee",2022,"2022/01",605,"01",2773978,2390263,7051339,"2022-01-31",47,1802927,22231
"632","Tennessee",2022,"2022/02",510,"02",2808142,2425463,7051339,"2022-02-28",47,1955520,24219
"633","Tennessee",2022,"2022/03",491,"03",2826863,2446017,7051339,"2022-03-31",47,1972072,25337
"634","Tennessee",2022,"2022/04",487,"04",2845829,2465719,7051339,"2022-04-30",47,1981990,25895
"635","Tennessee",2022,"2022/05",488,"05",2857672,2476647,7051339,"2022-05-31",47,2013910,26207
"636","Tennessee",2022,"2022/06",483,"06",2868643,2480245,7051339,"2022-06-30",47,2069469,26400
"637","Tennessee",2022,"2022/07",451,"07",2877143,2487326,7051339,"2022-07-31",47,2144956,26732
"638","Tennessee",2022,"2022/08",526,"08",2886832,2497244,7051339,"2022-08-31",47,2239401,27164
"639","Tennessee",2022,"2022/09",484,"09",2896029,2504810,7051339,"2022-09-30",47,2280546,27536
"640","Tennessee",2022,"2022/10",429,"10",2905591,2513927,7051339,"2022-10-31",47,2298594,27792
"641","Tennessee",2022,"2022/11",497,"11",2916331,2521655,7051339,"2022-11-30",47,2329549,28023
"642","Tennessee",2022,"2022/12",542,"12",2922053,2525785,7051339,"2022-12-31",47,2367936,28274
"643","Tennessee",2023,"2023/01",495,"01",2925669,2528271,NA,"2023-01-31",47,2406233,28596
"644","Tennessee",2023,"2023/02",414,"02",2928680,2530194,NA,"2023-02-28",47,2440754,28879
"645","Tennessee",2023,"2023/03",394,"03",2930557,2531386,NA,"2023-03-23",47,2459152,29035
"646","Texas",2022,"2022/01",1577,"01",14145180,12042683,30029572,"2022-01-31",48,6219346,79694
"647","Texas",2022,"2022/02",1326,"02",14352959,12209751,30029572,"2022-02-28",48,6564429,85000
"648","Texas",2022,"2022/03",1363,"03",14496599,12312374,30029572,"2022-03-31",48,6680558,87507
"649","Texas",2022,"2022/04",1263,"04",14641776,12399957,30029572,"2022-04-30",48,6752149,88303
"650","Texas",2022,"2022/05",1322,"05",14749306,12471420,30029572,"2022-05-31",48,6868584,88569
"651","Texas",2022,"2022/06",1192,"06",14844515,12525133,30029572,"2022-06-30",48,7105390,88901
"652","Texas",2022,"2022/07",1403,"07",14930303,12572592,30029572,"2022-07-31",48,7443235,89455
"653","Texas",2022,"2022/08",1286,"08",14801049,12431005,30029572,"2022-08-31",48,7738083,90390
"654","Texas",2022,"2022/09",1203,"09",14859159,12472485,30029572,"2022-09-30",48,7882610,91016
"655","Texas",2022,"2022/10",1287,"10",14907728,12508069,30029572,"2022-10-31",48,7925331,91324
"656","Texas",2022,"2022/11",1356,"11",15020240,12581880,30029572,"2022-11-30",48,7985331,92323
"657","Texas",2022,"2022/12",1489,"12",15082264,12607632,30029572,"2022-12-31",48,8111323,92709
"658","Texas",2023,"2023/01",1344,"01",15124715,12628457,NA,"2023-01-31",48,8240015,93366
"659","Texas",2023,"2023/02",1166,"02",15155378,12645610,NA,"2023-02-28",48,8316766,94059
"660","Texas",2023,"2023/03",1076,"03",15177604,12655749,NA,"2023-03-23",48,8447168,94518
"661","Utah",2022,"2022/01",96,"01",1547213,1361206,3380800,"2022-01-31",49,885686,4118
"662","Utah",2022,"2022/02",75,"02",1573968,1406585,3380800,"2022-02-28",49,923036,4411
"663","Utah",2022,"2022/03",89,"03",1582170,1415185,3380800,"2022-03-31",49,928148,4714
"664","Utah",2022,"2022/04",86,"04",1590350,1423052,3380800,"2022-04-30",49,932480,4747
"665","Utah",2022,"2022/05",51,"05",1595033,1426866,3380800,"2022-05-31",49,949210,4777
"666","Utah",2022,"2022/06",82,"06",1601503,1431293,3380800,"2022-06-30",49,983139,4834
"667","Utah",2022,"2022/07",79,"07",1605192,1434364,3380800,"2022-07-31",49,1010550,4900
"668","Utah",2022,"2022/08",74,"08",1610232,1440702,3380800,"2022-08-31",49,1027083,4968
"669","Utah",2022,"2022/09",62,"09",1614305,1444274,3380800,"2022-09-30",49,1038696,5021
"670","Utah",2022,"2022/10",68,"10",1619333,1449119,3380800,"2022-10-31",49,1045758,5056
"671","Utah",2022,"2022/11",79,"11",1625519,1453887,3380800,"2022-11-30",49,1059170,5110
"672","Utah",2022,"2022/12",87,"12",1629438,1456718,3380800,"2022-12-31",49,1075137,5187
"673","Utah",2023,"2023/01",91,"01",1631871,1458520,NA,"2023-01-31",49,1081661,5253
"674","Utah",2023,"2023/02",77,"02",1635517,1461813,NA,"2023-02-28",49,1087468,5276
"675","Utah",2023,"2023/03",60,"03",1636661,1462697,NA,"2023-03-23",49,1093049,5316
"676","Vermont",2022,"2022/01",31,"01",369138,314775,647064,"2022-01-31",50,104472,536
"677","Vermont",2022,"2022/02",30,"02",370996,316824,647064,"2022-02-28",50,112364,598
"678","Vermont",2022,"2022/03",33,"03",372520,318390,647064,"2022-03-31",50,116639,617
"679","Vermont",2022,"2022/04",29,"04",373751,319900,647064,"2022-04-30",50,123842,637
"680","Vermont",2022,"2022/05",37,"05",375472,321356,647064,"2022-05-31",50,131460,661
"681","Vermont",2022,"2022/06",29,"06",376790,322479,647064,"2022-06-30",50,135668,683
"682","Vermont",2022,"2022/07",28,"07",377725,323316,647064,"2022-07-31",50,137649,693
"683","Vermont",2022,"2022/08",20,"08",378730,324487,647064,"2022-08-31",50,140308,707
"684","Vermont",2022,"2022/09",29,"09",379550,325420,647064,"2022-09-30",50,142443,719
"685","Vermont",2022,"2022/10",26,"10",383432,328121,647064,"2022-10-31",50,144895,740
"686","Vermont",2022,"2022/11",33,"11",386486,330066,647064,"2022-11-30",50,146777,770
"687","Vermont",2022,"2022/12",31,"12",388822,331574,647064,"2022-12-31",50,148393,791
"688","Vermont",2023,"2023/01",25,"01",390090,332320,NA,"2023-01-31",50,150190,889
"689","Vermont",2023,"2023/02",14,"02",390975,332824,NA,"2023-02-28",50,151925,917
"690","Vermont",2023,"2023/03",31,"03",391613,333266,NA,"2023-03-23",50,153198,939
"691","Virginia",2022,"2022/01",519,"01",4856662,4120048,8683619,"2022-01-31",51,1545650,16217
"692","Virginia",2022,"2022/02",367,"02",4922979,4178889,8683619,"2022-02-28",51,1639942,18771
"693","Virginia",2022,"2022/03",389,"03",4948374,4201476,8683619,"2022-03-31",51,1668891,19692
"694","Virginia",2022,"2022/04",384,"04",4975770,4224003,8683619,"2022-04-30",51,1701458,20236
"695","Virginia",2022,"2022/05",402,"05",5000291,4246365,8683619,"2022-05-31",51,1787756,20389
"696","Virginia",2022,"2022/06",382,"06",5020357,4240717,8683619,"2022-06-30",51,1869231,20598
"697","Virginia",2022,"2022/07",372,"07",5037856,4255493,8683619,"2022-07-31",51,1954716,20918
"698","Virginia",2022,"2022/08",362,"08",5054475,4270917,8683619,"2022-08-31",51,2040106,21416
"699","Virginia",2022,"2022/09",339,"09",5072901,4287408,8683619,"2022-09-30",51,2088708,21866
"700","Virginia",2022,"2022/10",352,"10",5108201,4313506,8683619,"2022-10-31",51,2120280,22199
"701","Virginia",2022,"2022/11",342,"11",5158537,4338618,8683619,"2022-11-30",51,2149512,22543
"702","Virginia",2022,"2022/12",370,"12",5178900,4351446,8683619,"2022-12-31",51,2205518,22793
"703","Virginia",2023,"2023/01",317,"01",5194930,4359778,NA,"2023-01-31",51,2260796,23251
"704","Virginia",2023,"2023/02",304,"02",5201708,4364184,NA,"2023-02-28",51,2287440,23738
"705","Virginia",2023,"2023/03",331,"03",5204661,4366163,NA,"2023-03-23",51,2298300,23782
"706","Washington",2022,"2022/01",362,"01",4131791,3674545,7785786,"2022-01-31",53,1335737,10838
"707","Washington",2022,"2022/02",261,"02",4180712,3734202,7785786,"2022-02-28",53,1424674,11941
"708","Washington",2022,"2022/03",294,"03",4206935,3758405,7785786,"2022-03-31",53,1455632,12540
"709","Washington",2022,"2022/04",304,"04",4225190,3775374,7785786,"2022-04-30",53,1498708,12747
"710","Washington",2022,"2022/05",268,"05",4240857,3787957,7785786,"2022-05-31",53,1578148,12967
"711","Washington",2022,"2022/06",292,"06",4258673,3782709,7785786,"2022-06-30",53,1659804,13277
"712","Washington",2022,"2022/07",268,"07",4270782,3792863,7785786,"2022-07-31",53,1732671,13651
"713","Washington",2022,"2022/08",259,"08",4283530,3805031,7785786,"2022-08-31",53,1784891,14079
"714","Washington",2022,"2022/09",242,"09",4299470,3817557,7785786,"2022-09-30",53,1816546,14376
"715","Washington",2022,"2022/10",239,"10",4324101,3853120,7785786,"2022-10-31",53,1838501,14617
"716","Washington",2022,"2022/11",293,"11",4353292,3874964,7785786,"2022-11-30",53,1859858,14738
"717","Washington",2022,"2022/12",335,"12",4367503,3885117,7785786,"2022-12-31",53,1883676,15067
"718","Washington",2023,"2023/01",272,"01",4378004,3892978,NA,"2023-01-31",53,1904198,15434
"719","Washington",2023,"2023/02",236,"02",4383924,3897622,NA,"2023-02-28",53,1924418,15668
"720","Washington",2023,"2023/03",249,"03",4387686,3900537,NA,"2023-03-23",53,1940704,15905
"721","West Virginia",2022,"2022/01",130,"01",717707,631337,1775156,"2022-01-31",54,446771,5763
"722","West Virginia",2022,"2022/02",137,"02",725095,637841,1775156,"2022-02-28",54,490111,6317
"723","West Virginia",2022,"2022/03",135,"03",730057,642619,1775156,"2022-03-31",54,497769,6831
"724","West Virginia",2022,"2022/04",129,"04",733527,645640,1775156,"2022-04-30",54,501204,6856
"725","West Virginia",2022,"2022/05",110,"05",736733,648175,1775156,"2022-05-31",54,515925,6948
"726","West Virginia",2022,"2022/06",119,"06",739812,650675,1775156,"2022-06-30",54,532503,7064
"727","West Virginia",2022,"2022/07",130,"07",742752,652907,1775156,"2022-07-31",54,555107,7156
"728","West Virginia",2022,"2022/08",107,"08",745762,656408,1775156,"2022-08-31",54,582666,7286
"729","West Virginia",2022,"2022/09",127,"09",748153,658248,1775156,"2022-09-30",54,600558,7416
"730","West Virginia",2022,"2022/10",112,"10",751440,661147,1775156,"2022-10-31",54,608104,7522
"731","West Virginia",2022,"2022/11",115,"11",754647,663368,1775156,"2022-11-30",54,614646,7727
"732","West Virginia",2022,"2022/12",135,"12",756426,664633,1775156,"2022-12-31",54,624721,7795
"733","West Virginia",2023,"2023/01",136,"01",757850,665557,NA,"2023-01-31",54,634541,7957
"734","West Virginia",2023,"2023/02",111,"02",758719,666143,NA,"2023-02-28",54,640150,8048
"735","West Virginia",2023,"2023/03",115,"03",759268,666531,NA,"2023-03-23",54,645710,8132
"736","Wisconsin",2022,"2022/01",320,"01",2658719,2396871,5892539,"2022-01-31",55,1516634,12374
"737","Wisconsin",2022,"2022/02",215,"02",2682908,2426434,5892539,"2022-02-28",55,1572199,13297
"738","Wisconsin",2022,"2022/03",210,"03",2695799,2441720,5892539,"2022-03-31",55,1585495,14302
"739","Wisconsin",2022,"2022/04",223,"04",2706966,2454903,5892539,"2022-04-30",55,1610673,14413
"740","Wisconsin",2022,"2022/05",234,"05",2716181,2463263,5892539,"2022-05-31",55,1675587,14600
"741","Wisconsin",2022,"2022/06",229,"06",2723975,2470447,5892539,"2022-06-30",55,1726646,14797
"742","Wisconsin",2022,"2022/07",221,"07",2730378,2476866,5892539,"2022-07-31",55,1777713,14922
"743","Wisconsin",2022,"2022/08",237,"08",2737529,2485064,5892539,"2022-08-31",55,1832397,15072
"744","Wisconsin",2022,"2022/09",232,"09",2745551,2491354,5892539,"2022-09-30",55,1866640,15263
"745","Wisconsin",2022,"2022/10",238,"10",2759756,2502970,5892539,"2022-10-31",55,1895481,15460
"746","Wisconsin",2022,"2022/11",243,"11",2777747,2513344,5892539,"2022-11-30",55,1926443,15668
"747","Wisconsin",2022,"2022/12",247,"12",2785479,2518927,5892539,"2022-12-31",55,1960884,15860
"748","Wisconsin",2023,"2023/01",236,"01",2790543,2522819,NA,"2023-01-31",55,1983469,16172
"749","Wisconsin",2023,"2023/02",219,"02",2793780,2525449,NA,"2023-02-28",55,2000875,16377
"750","Wisconsin",2023,"2023/03",196,"03",2795528,2526946,NA,"2023-03-23",55,2014524,16485
"751","Wyoming",2022,"2022/01",28,"01",213519,184641,581381,"2022-01-31",56,146505,1625
"752","Wyoming",2022,"2022/02",21,"02",216462,187165,581381,"2022-02-28",56,155101,1718
"753","Wyoming",2022,"2022/03",23,"03",218014,188853,581381,"2022-03-31",56,156112,1791
"754","Wyoming",2022,"2022/04",40,"04",219346,190613,581381,"2022-04-30",56,156550,1812
"755","Wyoming",2022,"2022/05",21,"05",217077,188571,581381,"2022-05-31",56,158472,1820
"756","Wyoming",2022,"2022/06",21,"06",218369,189343,581381,"2022-06-30",56,164456,1834
"757","Wyoming",2022,"2022/07",31,"07",219168,190057,581381,"2022-07-31",56,170031,1856
"758","Wyoming",2022,"2022/08",20,"08",219771,191011,581381,"2022-08-31",56,174828,1881
"759","Wyoming",2022,"2022/09",18,"09",220572,191500,581381,"2022-09-30",56,176728,1894
"760","Wyoming",2022,"2022/10",23,"10",221851,192529,581381,"2022-10-31",56,178444,1908
"761","Wyoming",2022,"2022/11",24,"11",223433,193460,581381,"2022-11-30",56,180925,1938
"762","Wyoming",2022,"2022/12",25,"12",224229,193952,581381,"2022-12-31",56,182847,1959
"763","Wyoming",2023,"2023/01",25,"01",224539,194133,NA,"2023-01-31",56,183173,1980
"764","Wyoming",2023,"2023/02",28,"02",224929,194312,NA,"2023-02-28",56,185159,2002
"765","Wyoming",2023,"2023/03",20,"03",225135,194478,NA,"2023-03-23",56,185800,2014
